episode_reward_max,episode_reward_min,episode_reward_mean,episode_len_mean,episodes_this_iter,num_faulty_episodes,num_healthy_workers,num_in_flight_async_reqs,num_remote_worker_restarts,num_agent_steps_sampled,num_agent_steps_trained,num_env_steps_sampled,num_env_steps_trained,num_env_steps_sampled_this_iter,num_env_steps_trained_this_iter,timesteps_total,num_steps_trained_this_iter,agent_timesteps_total,done,episodes_total,training_iteration,trial_id,date,timestamp,time_this_iter_s,time_total_s,pid,hostname,node_ip,time_since_restore,iterations_since_restore,info/num_env_steps_sampled,info/num_env_steps_trained,info/num_agent_steps_sampled,info/num_agent_steps_trained,sampler_results/episode_reward_max,sampler_results/episode_reward_min,sampler_results/episode_reward_mean,sampler_results/episode_len_mean,sampler_results/episodes_this_iter,sampler_results/num_faulty_episodes,hist_stats/episode_reward,hist_stats/episode_lengths,timers/training_iteration_time_ms,timers/sample_time_ms,timers/load_time_ms,timers/load_throughput,timers/learn_time_ms,timers/learn_throughput,timers/synch_weights_time_ms,counters/num_env_steps_sampled,counters/num_env_steps_trained,counters/num_agent_steps_sampled,counters/num_agent_steps_trained,perf/cpu_util_percent,perf/ram_util_percent,perf/gpu_util_percent0,perf/vram_util_percent0,sampler_results/hist_stats/episode_reward,sampler_results/hist_stats/episode_lengths,info/learner/default_policy/num_agent_steps_trained,info/learner/default_policy/num_grad_updates_lifetime,info/learner/default_policy/diff_num_grad_updates_vs_sampler_policy,info/learner/default_policy/learner_stats/allreduce_latency,info/learner/default_policy/learner_stats/grad_gnorm,info/learner/default_policy/learner_stats/cur_kl_coeff,info/learner/default_policy/learner_stats/cur_lr,info/learner/default_policy/learner_stats/total_loss,info/learner/default_policy/learner_stats/policy_loss,info/learner/default_policy/learner_stats/vf_loss,info/learner/default_policy/learner_stats/vf_explained_var,info/learner/default_policy/learner_stats/kl,info/learner/default_policy/learner_stats/entropy,info/learner/default_policy/learner_stats/entropy_coeff
nan,nan,nan,nan,0,0,4,0,0,8192,8192,512,512,512,512,512,512,8192,False,0,1,0eff4_00000,2023-05-29_12-15-50,1685358950,34.482685565948486,34.482685565948486,19016,JM-M16,127.0.0.1,34.482685565948486,1,512,512,8192,8192,nan,nan,nan,nan,0,0,[],[],34476.684,29336.455,0.0,0.0,5136.341,99.682,3.887,512,512,8192,8192,2.3711111111111114,43.9377777777778,0.352,0.00567626953125,[],[],64.0,640.5,639.5,0.0,0.36689417099696586,0.19999999999999998,2e-05,2.270295824483037,-0.0013563843014708255,9.91817272901535,-4.936009645462036e-09,0.0001798126565526914,2.0792693788185717,0.09999999999999999
nan,nan,nan,nan,0,0,4,0,0,16384,16384,1024,1024,512,512,1024,512,16384,False,0,2,0eff4_00000,2023-05-29_12-16-25,1685358985,35.234415769577026,69.71710133552551,19016,JM-M16,127.0.0.1,69.71710133552551,2,1024,1024,16384,16384,nan,nan,nan,nan,0,0,[],[],34854.5,29808.523,0.0,0.0,5042.025,101.546,3.951,1024,1024,16384,16384,2.4127659574468083,44.127659574468076,0.12361702127659574,0.00567626953125,[],[],64.0,1920.5,639.5,0.0,0.45467075806227514,0.09999999999999999,2e-05,2.27810266148299,-0.0057760461859288625,9.963334622234106,-7.497146725654603e-09,0.004454927299457267,2.074004386551678,0.09999999999999999
nan,nan,nan,nan,0,0,4,0,0,24576,24576,1536,1536,512,512,1536,512,24576,False,0,3,0eff4_00000,2023-05-29_12-17-08,1685359028,42.4462890625,112.16339039802551,19016,JM-M16,127.0.0.1,112.16339039802551,3,1536,1536,24576,24576,nan,nan,nan,nan,0,0,[],[],37385.096,32406.321,0.0,0.0,4973.313,102.949,5.461,1536,1536,24576,24576,2.6107142857142853,44.35178571428571,0.11142857142857143,0.00567626953125,[],[],64.0,3200.5,639.5,0.0,0.5779022037633694,0.049999999999999996,2e-05,2.2819243667647244,-0.010882637997565326,9.987004227936268,-1.0756775736808778e-08,0.012820445830129756,2.045850702188909,0.09999999999999999
nan,nan,nan,nan,0,0,4,0,0,32768,32768,2048,2048,512,512,2048,512,32768,False,0,4,0eff4_00000,2023-05-29_12-17-53,1685359073,44.90194320678711,157.06533360481262,19016,JM-M16,127.0.0.1,157.06533360481262,4,2048,2048,32768,32768,nan,nan,nan,nan,0,0,[],[],39263.558,34215.405,0.0,0.0,5042.551,101.536,5.096,2048,2048,32768,32768,3.8017241379310347,44.39482758620691,0.3256896551724137,0.00567626953125,[],[],64.0,4480.5,639.5,0.0,0.5700109376863111,0.049999999999999996,2e-05,2.287349194381386,-0.0016068838638602756,9.969789350032807,-5.913898348808288e-09,0.010777507913735463,2.040301382727921,0.09999999999999999
nan,nan,nan,nan,0,0,4,0,0,40960,40960,2560,2560,512,512,2560,512,40960,False,0,5,0eff4_00000,2023-05-29_12-18-36,1685359116,43.194552421569824,200.25988602638245,19016,JM-M16,127.0.0.1,200.25988602638245,5,2560,2560,40960,40960,nan,nan,nan,nan,0,0,[],[],40048.756,34841.063,0.0,0.0,5202.108,98.422,5.18,2560,2560,40960,40960,2.069642857142857,44.85178571428571,0.3489285714285714,0.00567626953125,[],[],64.0,5760.5,639.5,0.0,0.532797919108998,0.049999999999999996,2e-05,2.2672408234793693,-0.002171571255166782,9.897326475009322,-7.497146725654603e-09,0.009179249115368293,2.0537818709388374,0.09999999999999999
-156532.1390244883,-160280.26108831333,-158178.16957495513,720.0,4,0,4,0,0,49152,49152,3072,3072,512,512,3072,512,49152,False,4,6,0eff4_00000,2023-05-29_12-19-16,1685359156,40.50370907783508,240.76359510421753,19016,JM-M16,127.0.0.1,240.76359510421753,6,3072,3072,49152,49152,-156532.1390244883,-160280.26108831333,-158178.16957495513,720.0,4,0,"[-160280.26108831333, -157154.63509367846, -158745.64309334048, -156532.1390244883]","[720, 720, 720, 720]",40124.174,34799.842,0.0,0.0,5318.809,96.262,4.853,3072,3072,49152,49152,4.820754716981132,44.92264150943398,0.34264150943396227,0.00567626953125,"[-160280.26108831333, -157154.63509367846, -158745.64309334048, -156532.1390244883]","[720, 720, 720, 720]",64.0,7040.5,639.5,0.0,0.5730036763125099,0.049999999999999996,2e-05,2.237844164390117,-0.0020048645441420377,9.779118737205863,-7.035257294774055e-05,0.007696110487813712,2.053154577314854,0.09999999999999999
-156532.1390244883,-160280.26108831333,-158178.16957495513,720.0,0,0,4,0,0,57344,57344,3584,3584,512,512,3584,512,57344,False,4,7,0eff4_00000,2023-05-29_12-19-57,1685359197,40.51361966133118,281.2772147655487,19016,JM-M16,127.0.0.1,281.2772147655487,7,3584,3584,57344,57344,-156532.1390244883,-160280.26108831333,-158178.16957495513,720.0,0,0,"[-160280.26108831333, -157154.63509367846, -158745.64309334048, -156532.1390244883]","[720, 720, 720, 720]",40179.379,34787.44,0.0,0.0,5386.56,95.051,4.805,3584,3584,57344,57344,4.5903846153846155,44.92884615384616,0.34403846153846157,0.00567626953125,"[-160280.26108831333, -157154.63509367846, -158745.64309334048, -156532.1390244883]","[720, 720, 720, 720]",64.0,8320.5,639.5,0.0,0.5077590484637767,0.049999999999999996,2e-05,2.2664943247102203,-0.00330461435005418,9.899606347829103,-4.237517714500427e-09,0.008079581038327888,2.0550662856549025,0.09999999999999999
-156532.1390244883,-160280.26108831333,-158178.16957495513,720.0,0,0,4,0,0,65536,65536,4096,4096,512,512,4096,512,65536,False,4,8,0eff4_00000,2023-05-29_12-20-41,1685359241,44.252066135406494,325.5292809009552,19016,JM-M16,127.0.0.1,325.5292809009552,8,4096,4096,65536,65536,-156532.1390244883,-160280.26108831333,-158178.16957495513,720.0,0,0,"[-160280.26108831333, -157154.63509367846, -158745.64309334048, -156532.1390244883]","[720, 720, 720, 720]",40687.965,35231.177,0.0,0.0,5451.392,93.921,4.642,4096,4096,65536,65536,1.5327586206896553,45.060344827586206,0.34362068965517234,0.00567626953125,"[-160280.26108831333, -157154.63509367846, -158745.64309334048, -156532.1390244883]","[720, 720, 720, 720]",64.0,9600.5,639.5,0.0,0.5596048015751875,0.049999999999999996,2e-05,2.2807125243358315,-0.004263134555731085,9.952694925665856,-9.033828973770141e-09,0.011907701115706004,2.0379346517845986,0.09999999999999999
-156532.1390244883,-160280.26108831333,-158178.16957495513,720.0,0,0,4,0,0,73728,73728,4608,4608,512,512,4608,512,73728,False,4,9,0eff4_00000,2023-05-29_12-21-33,1685359293,51.48748779296875,377.01676869392395,19016,JM-M16,127.0.0.1,377.01676869392395,9,4608,4608,73728,73728,-156532.1390244883,-160280.26108831333,-158178.16957495513,720.0,0,0,"[-160280.26108831333, -157154.63509367846, -158745.64309334048, -156532.1390244883]","[720, 720, 720, 720]",41887.458,36414.88,0.0,0.0,5467.317,93.647,4.591,4608,4608,73728,73728,1.495522388059701,44.1134328358209,0.3452238805970149,0.00567626953125,"[-160280.26108831333, -157154.63509367846, -158745.64309334048, -156532.1390244883]","[720, 720, 720, 720]",64.0,10880.5,639.5,0.0,0.5728394520992879,0.049999999999999996,2e-05,2.2877890065312387,-0.008442297943838639,9.992772809416056,-1.0197982192039489e-08,0.016499461175408216,2.027868621610105,0.09999999999999999
-156532.1390244883,-160280.26108831333,-158178.16957495513,720.0,0,0,4,0,0,81920,81920,5120,5120,512,512,5120,512,81920,False,4,10,0eff4_00000,2023-05-29_12-22-25,1685359345,52.6596257686615,429.67639446258545,19016,JM-M16,127.0.0.1,429.67639446258545,10,5120,5120,81920,81920,-156532.1390244883,-160280.26108831333,-158178.16957495513,720.0,0,0,"[-160280.26108831333, -157154.63509367846, -158745.64309334048, -156532.1390244883]","[720, 720, 720, 720]",42964.275,37540.62,0.1,5125259.303,5418.42,94.492,4.532,5120,5120,81920,81920,7.562790697674417,43.65581395348837,0.015813953488372095,0.00039601880450581395,"[-160280.26108831333, -157154.63509367846, -158745.64309334048, -156532.1390244883]","[720, 720, 720, 720]",64.0,12160.5,639.5,0.0,0.5917511078412645,0.049999999999999996,2e-05,2.279488465655595,-0.002365945640485734,9.937262623012066,-6.51925802230835e-09,0.01155542096712452,2.0303902024403215,0.09999999999999999
-156532.1390244883,-160280.26108831333,-158178.16957495513,720.0,0,0,4,0,0,90112,90112,5632,5632,512,512,5632,512,90112,False,4,11,0eff4_00000,2023-05-29_12-22-58,1685359378,32.604859828948975,462.2812542915344,19016,JM-M16,127.0.0.1,462.2812542915344,11,5632,5632,90112,90112,-156532.1390244883,-160280.26108831333,-158178.16957495513,720.0,0,0,"[-160280.26108831333, -157154.63509367846, -158745.64309334048, -156532.1390244883]","[720, 720, 720, 720]",42776.793,37372.067,0.197,2597029.445,5399.385,94.826,4.54,5632,5632,90112,90112,5.41590909090909,43.50454545454546,0.0,0.0,"[-160280.26108831333, -157154.63509367846, -158745.64309334048, -156532.1390244883]","[720, 720, 720, 720]",64.0,13440.5,639.5,0.0,0.6227494932711124,0.049999999999999996,2e-05,2.265398907288909,-0.006946240150136873,9.900477169454097,-1.103617250919342e-08,0.011845468296087347,2.033664112072438,0.09999999999999999
-155535.38123424863,-160280.26108831333,-157110.4485077978,720.0,4,0,4,0,0,98304,98304,6144,6144,512,512,6144,512,98304,False,8,12,0eff4_00000,2023-05-29_12-23-31,1685359411,32.51463079452515,494.79588508605957,19016,JM-M16,127.0.0.1,494.79588508605957,12,6144,6144,98304,98304,-155535.38123424863,-160280.26108831333,-157110.4485077978,720.0,4,0,"[-160280.26108831333, -157154.63509367846, -158745.64309334048, -156532.1390244883, -155535.38123424863, -156194.85931355637, -156415.0910506653, -156025.57816409157]","[720, 720, 720, 720, 720, 720, 720, 720]",42505.024,37096.982,0.197,2597029.445,5402.984,94.762,4.258,6144,6144,98304,98304,5.318604651162791,43.430232558139544,0.0,0.0,"[-160280.26108831333, -157154.63509367846, -158745.64309334048, -156532.1390244883, -155535.38123424863, -156194.85931355637, -156415.0910506653, -156025.57816409157]","[720, 720, 720, 720, 720, 720, 720, 720]",64.0,14720.5,639.5,0.0,0.5787140843924135,0.049999999999999996,2e-05,2.245448002498597,-0.0034751448569295463,9.810829102620483,-0.000549798971042037,0.01414660384216404,2.044914529286325,0.09999999999999999
-155535.38123424863,-160280.26108831333,-157110.4485077978,720.0,0,0,4,0,0,106496,106496,6656,6656,512,512,6656,512,106496,False,8,13,0eff4_00000,2023-05-29_12-24-06,1685359446,35.28894662857056,530.0848317146301,19016,JM-M16,127.0.0.1,530.0848317146301,13,6656,6656,106496,106496,-155535.38123424863,-160280.26108831333,-157110.4485077978,720.0,0,0,"[-160280.26108831333, -157154.63509367846, -158745.64309334048, -156532.1390244883, -155535.38123424863, -156194.85931355637, -156415.0910506653, -156025.57816409157]","[720, 720, 720, 720, 720, 720, 720, 720]",41788.89,36209.441,0.297,1723778.815,5574.717,91.843,3.832,6656,6656,106496,106496,5.327659574468086,43.80212765957447,0.0,0.0,"[-160280.26108831333, -157154.63509367846, -158745.64309334048, -156532.1390244883, -155535.38123424863, -156194.85931355637, -156415.0910506653, -156025.57816409157]","[720, 720, 720, 720, 720, 720, 720, 720]",64.0,16000.5,639.5,0.0,0.5630499759921804,0.049999999999999996,2e-05,2.2716157705523075,-0.005086199766810751,9.922940423339606,-8.940696716308593e-09,0.011735234522348037,2.0461989367380737,0.09999999999999999
-155535.38123424863,-160280.26108831333,-157110.4485077978,720.0,0,0,4,0,0,114688,114688,7168,7168,512,512,7168,512,114688,False,8,14,0eff4_00000,2023-05-29_12-24-45,1685359485,39.41609477996826,569.5009264945984,19016,JM-M16,127.0.0.1,569.5009264945984,14,7168,7168,114688,114688,-155535.38123424863,-160280.26108831333,-157110.4485077978,720.0,0,0,"[-160280.26108831333, -157154.63509367846, -158745.64309334048, -156532.1390244883, -155535.38123424863, -156194.85931355637, -156415.0910506653, -156025.57816409157]","[720, 720, 720, 720, 720, 720, 720, 720]",41240.275,35632.799,0.297,1723778.815,5602.848,91.382,3.832,7168,7168,114688,114688,4.351923076923077,45.31923076923077,0.0,0.0,"[-160280.26108831333, -157154.63509367846, -158745.64309334048, -156532.1390244883, -155535.38123424863, -156194.85931355637, -156415.0910506653, -156025.57816409157]","[720, 720, 720, 720, 720, 720, 720, 720]",64.0,17280.5,639.5,0.0,0.5522541111684405,0.049999999999999996,2e-05,2.282191607449204,-0.008403512209770269,9.976963681727648,-6.05359673500061e-09,0.01504200122653856,2.0439789801836015,0.09999999999999999
-155535.38123424863,-160280.26108831333,-157110.4485077978,720.0,0,0,4,0,0,122880,122880,7680,7680,512,512,7680,512,122880,False,8,15,0eff4_00000,2023-05-29_12-25-58,1685359558,72.59584450721741,642.0967710018158,19016,JM-M16,127.0.0.1,642.0967710018158,15,7680,7680,122880,122880,-155535.38123424863,-160280.26108831333,-157110.4485077978,720.0,0,0,"[-160280.26108831333, -157154.63509367846, -158745.64309334048, -156532.1390244883, -155535.38123424863, -156194.85931355637, -156415.0910506653, -156025.57816409157]","[720, 720, 720, 720, 720, 720, 720, 720]",44179.341,37962.898,0.297,1723778.815,6212.367,82.416,3.28,7680,7680,122880,122880,6.881052631578945,42.897894736842105,0.0,0.0,"[-160280.26108831333, -157154.63509367846, -158745.64309334048, -156532.1390244883, -155535.38123424863, -156194.85931355637, -156415.0910506653, -156025.57816409157]","[720, 720, 720, 720, 720, 720, 720, 720]",64.0,18560.5,639.5,0.0,0.6082209262647666,0.049999999999999996,2e-05,2.2816386566497386,-0.008408936035630176,9.972529429197312,-1.0849907994270325e-08,0.014587460193433799,2.038141407072544,0.09999999999999999
-155535.38123424863,-160280.26108831333,-157110.4485077978,720.0,0,0,4,0,0,131072,131072,8192,8192,512,512,8192,512,131072,False,8,16,0eff4_00000,2023-05-29_12-26-39,1685359599,41.25284719467163,683.3496181964874,19016,JM-M16,127.0.0.1,683.3496181964874,16,8192,8192,131072,131072,-155535.38123424863,-160280.26108831333,-157110.4485077978,720.0,0,0,"[-160280.26108831333, -157154.63509367846, -158745.64309334048, -156532.1390244883, -155535.38123424863, -156194.85931355637, -156415.0910506653, -156025.57816409157]","[720, 720, 720, 720, 720, 720, 720, 720]",44254.2,38154.481,0.297,1723778.815,6095.664,83.994,3.258,8192,8192,131072,131072,4.63148148148148,42.851851851851876,0.0,0.0,"[-160280.26108831333, -157154.63509367846, -158745.64309334048, -156532.1390244883, -155535.38123424863, -156194.85931355637, -156415.0910506653, -156025.57816409157]","[720, 720, 720, 720, 720, 720, 720, 720]",64.0,19840.5,639.5,0.0,0.5779568037949503,0.049999999999999996,2e-05,2.276599331013858,-0.006641713323188014,9.944418210536242,-7.59027898311615e-09,0.014733359635647503,2.036001798324287,0.09999999999999999
-155535.38123424863,-160280.26108831333,-157330.9042479523,720.0,4,0,4,0,0,139264,139264,8704,8704,512,512,8704,512,139264,False,12,17,0eff4_00000,2023-05-29_12-27-10,1685359630,30.859055995941162,714.2086741924286,19016,JM-M16,127.0.0.1,714.2086741924286,17,8704,8704,139264,139264,-155535.38123424863,-160280.26108831333,-157330.9042479523,720.0,4,0,"[-160280.26108831333, -157154.63509367846, -158745.64309334048, -156532.1390244883, -155535.38123424863, -156194.85931355637, -156415.0910506653, -156025.57816409157, -157375.01238850085, -158680.66344910784, -156608.42256644752, -158423.16450898902]","[720, 720, 720, 720, 720, 720, 720, 720, 720, 720, 720, 720]",43288.644,37279.892,0.297,1723778.815,6004.749,85.266,3.207,8704,8704,139264,139264,3.892682926829268,42.86585365853658,0.0,0.0,"[-160280.26108831333, -157154.63509367846, -158745.64309334048, -156532.1390244883, -155535.38123424863, -156194.85931355637, -156415.0910506653, -156025.57816409157, -157375.01238850085, -158680.66344910784, -156608.42256644752, -158423.16450898902]","[720, 720, 720, 720, 720, 720, 720, 720, 720, 720, 720, 720]",64.0,21120.5,639.5,0.0,0.808117424219381,0.049999999999999996,2e-05,2.1394336826881046,-0.006074675629679405,9.39463804103434,-0.0021967294625937937,0.012687910737440689,2.03785551302135,0.09999999999999999
-155535.38123424863,-160280.26108831333,-157330.9042479523,720.0,0,0,4,0,0,147456,147456,9216,9216,512,512,9216,512,147456,False,12,18,0eff4_00000,2023-05-29_12-27-40,1685359660,30.239573001861572,744.4482471942902,19016,JM-M16,127.0.0.1,744.4482471942902,18,9216,9216,147456,147456,-155535.38123424863,-160280.26108831333,-157330.9042479523,720.0,0,0,"[-160280.26108831333, -157154.63509367846, -158745.64309334048, -156532.1390244883, -155535.38123424863, -156194.85931355637, -156415.0910506653, -156025.57816409157, -157375.01238850085, -158680.66344910784, -156608.42256644752, -158423.16450898902]","[720, 720, 720, 720, 720, 720, 720, 720, 720, 720, 720, 720]",41887.295,35997.159,0.297,1723778.815,5886.291,86.982,3.153,9216,9216,147456,147456,3.6450000000000005,42.847500000000004,0.0,0.0,"[-160280.26108831333, -157154.63509367846, -158745.64309334048, -156532.1390244883, -155535.38123424863, -156194.85931355637, -156415.0910506653, -156025.57816409157, -157375.01238850085, -158680.66344910784, -156608.42256644752, -158423.16450898902]","[720, 720, 720, 720, 720, 720, 720, 720, 720, 720, 720, 720]",64.0,22400.5,639.5,0.0,0.5775335391866975,0.049999999999999996,2e-05,2.2672809129580855,-0.006312415915454039,9.909252264350652,-1.6298145055770874e-09,0.012865394226173521,2.043630074895918,0.09999999999999999
-155535.38123424863,-160280.26108831333,-157330.9042479523,720.0,0,0,4,0,0,155648,155648,9728,9728,512,512,9728,512,155648,False,12,19,0eff4_00000,2023-05-29_12-28-13,1685359693,32.02648997306824,776.4747371673584,19016,JM-M16,127.0.0.1,776.4747371673584,19,9728,9728,155648,155648,-155535.38123424863,-160280.26108831333,-157330.9042479523,720.0,0,0,"[-160280.26108831333, -157154.63509367846, -158745.64309334048, -156532.1390244883, -155535.38123424863, -156194.85931355637, -156415.0910506653, -156025.57816409157, -157375.01238850085, -158680.66344910784, -156608.42256644752, -158423.16450898902]","[720, 720, 720, 720, 720, 720, 720, 720, 720, 720, 720, 720]",39941.003,34135.368,0.397,1289160.552,5801.765,88.249,3.078,9728,9728,155648,155648,4.6976744186046515,42.930232558139544,0.0,0.0,"[-160280.26108831333, -157154.63509367846, -158745.64309334048, -156532.1390244883, -155535.38123424863, -156194.85931355637, -156415.0910506653, -156025.57816409157, -157375.01238850085, -158680.66344910784, -156608.42256644752, -158423.16450898902]","[720, 720, 720, 720, 720, 720, 720, 720, 720, 720, 720, 720]",64.0,23680.5,639.5,0.0,0.5350251085590572,0.049999999999999996,2e-05,2.2761964998207986,-0.010114770302607212,9.958367502689361,-9.35979187488556e-09,0.01592073018218798,2.0407664511352777,0.09999999999999999
-155535.38123424863,-160280.26108831333,-157330.9042479523,720.0,0,0,4,0,0,163840,163840,10240,10240,512,512,10240,512,163840,False,12,20,0eff4_00000,2023-05-29_12-28-51,1685359731,38.23583698272705,814.7105741500854,19016,JM-M16,127.0.0.1,814.7105741500854,20,10240,10240,163840,163840,-155535.38123424863,-160280.26108831333,-157330.9042479523,720.0,0,0,"[-160280.26108831333, -157154.63509367846, -158745.64309334048, -156532.1390244883, -155535.38123424863, -156194.85931355637, -156415.0910506653, -156025.57816409157, -157375.01238850085, -158680.66344910784, -156608.42256644752, -158423.16450898902]","[720, 720, 720, 720, 720, 720, 720, 720, 720, 720, 720, 720]",38498.52,32684.968,0.297,1722396.253,5809.851,88.126,3.009,10240,10240,163840,163840,4.798039215686274,42.9372549019608,0.0,0.0,"[-160280.26108831333, -157154.63509367846, -158745.64309334048, -156532.1390244883, -155535.38123424863, -156194.85931355637, -156415.0910506653, -156025.57816409157, -157375.01238850085, -158680.66344910784, -156608.42256644752, -158423.16450898902]","[720, 720, 720, 720, 720, 720, 720, 720, 720, 720, 720, 720]",64.0,24960.5,639.5,0.0,0.5707139004720375,0.049999999999999996,2e-05,2.286802342813462,-0.006614466693281429,9.985991387814284,-1.0896474123001098e-08,0.01627629939612234,2.038948513753712,0.09999999999999999
-155535.38123424863,-160280.26108831333,-157330.9042479523,720.0,0,0,4,0,0,172032,172032,10752,10752,512,512,10752,512,172032,False,12,21,0eff4_00000,2023-05-29_12-29-27,1685359767,36.64202928543091,851.3526034355164,19016,JM-M16,127.0.0.1,851.3526034355164,21,10752,10752,172032,172032,-155535.38123424863,-160280.26108831333,-157330.9042479523,720.0,0,0,"[-160280.26108831333, -157154.63509367846, -158745.64309334048, -156532.1390244883, -155535.38123424863, -156194.85931355637, -156415.0910506653, -156025.57816409157, -157375.01238850085, -158680.66344910784, -156608.42256644752, -158423.16450898902]","[720, 720, 720, 720, 720, 720, 720, 720, 720, 720, 720, 720]",38901.937,33103.097,0.2,2559880.377,5795.237,88.348,2.908,10752,10752,172032,172032,2.1142857142857143,42.29183673469388,0.0,0.0,"[-160280.26108831333, -157154.63509367846, -158745.64309334048, -156532.1390244883, -155535.38123424863, -156194.85931355637, -156415.0910506653, -156025.57816409157, -157375.01238850085, -158680.66344910784, -156608.42256644752, -158423.16450898902]","[720, 720, 720, 720, 720, 720, 720, 720, 720, 720, 720, 720]",64.0,26240.5,639.5,0.0,0.5942423060419969,0.049999999999999996,2e-05,2.2803358822129667,-0.00566397442453308,9.95909986793995,-5.913898348808288e-09,0.012616083851753501,2.04405905790627,0.09999999999999999
-155535.38123424863,-160280.26108831333,-157330.9042479523,720.0,0,0,4,0,0,180224,180224,11264,11264,512,512,11264,512,180224,False,12,22,0eff4_00000,2023-05-29_12-29-59,1685359799,31.879522562026978,883.2321259975433,19016,JM-M16,127.0.0.1,883.2321259975433,22,11264,11264,180224,180224,-155535.38123424863,-160280.26108831333,-157330.9042479523,720.0,0,0,"[-160280.26108831333, -157154.63509367846, -158745.64309334048, -156532.1390244883, -155535.38123424863, -156194.85931355637, -156415.0910506653, -156025.57816409157, -157375.01238850085, -158680.66344910784, -156608.42256644752, -158423.16450898902]","[720, 720, 720, 720, 720, 720, 720, 720, 720, 720, 720, 720]",38838.139,33045.241,0.2,2559880.377,5788.889,88.445,3.2,11264,11264,180224,180224,4.6499999999999995,42.29523809523809,0.0,0.0,"[-160280.26108831333, -157154.63509367846, -158745.64309334048, -156532.1390244883, -155535.38123424863, -156194.85931355637, -156415.0910506653, -156025.57816409157, -157375.01238850085, -158680.66344910784, -156608.42256644752, -158423.16450898902]","[720, 720, 720, 720, 720, 720, 720, 720, 720, 720, 720, 720]",64.0,27520.5,639.5,0.0,0.6101495714858174,0.049999999999999996,2e-05,2.2595240279100834,-0.0053467344845557815,9.86836775764823,-6.752088665962219e-09,0.015774077409514576,2.0300988075323403,0.09999999999999999
-155535.38123424863,-160280.26108831333,-157364.57105358684,720.0,4,0,4,0,0,188416,188416,11776,11776,512,512,11776,512,188416,False,16,23,0eff4_00000,2023-05-29_12-30-31,1685359831,31.87813425064087,915.1102602481842,19016,JM-M16,127.0.0.1,915.1102602481842,23,11776,11776,188416,188416,-155535.38123424863,-160280.26108831333,-157364.57105358684,720.0,4,0,"[-160280.26108831333, -157154.63509367846, -158745.64309334048, -156532.1390244883, -155535.38123424863, -156194.85931355637, -156415.0910506653, -156025.57816409157, -157375.01238850085, -158680.66344910784, -156608.42256644752, -158423.16450898902, -157918.28919593635, -157211.36051161523, -157916.480700045, -156816.1554743655]","[720, 720, 720, 720, 720, 720, 720, 720, 720, 720, 720, 720, 720, 720, 720, 720]",38497.058,32885.018,0.1,5113056.305,5608.192,91.295,3.137,11776,11776,188416,188416,4.062790697674418,42.2906976744186,0.0013953488372093023,0.0,"[-160280.26108831333, -157154.63509367846, -158745.64309334048, -156532.1390244883, -155535.38123424863, -156194.85931355637, -156415.0910506653, -156025.57816409157, -157375.01238850085, -158680.66344910784, -156608.42256644752, -158423.16450898902, -157918.28919593635, -157211.36051161523, -157916.480700045, -156816.1554743655]","[720, 720, 720, 720, 720, 720, 720, 720, 720, 720, 720, 720, 720, 720, 720, 720]",64.0,28800.5,639.5,0.0,0.6030971806263551,0.049999999999999996,2e-05,2.243767953757197,-0.004884780015709111,9.808515978977084,-7.497146725654603e-09,0.013683994795064791,2.0416046029888095,0.09999999999999999
-155535.38123424863,-160280.26108831333,-157364.57105358684,720.0,0,0,4,0,0,196608,196608,12288,12288,512,512,12288,512,196608,False,16,24,0eff4_00000,2023-05-29_12-31-02,1685359862,30.878533363342285,945.9887936115265,19016,JM-M16,127.0.0.1,945.9887936115265,24,12288,12288,196608,196608,-155535.38123424863,-160280.26108831333,-157364.57105358684,720.0,0,0,"[-160280.26108831333, -157154.63509367846, -158745.64309334048, -156532.1390244883, -155535.38123424863, -156194.85931355637, -156415.0910506653, -156025.57816409157, -157375.01238850085, -158680.66344910784, -156608.42256644752, -158423.16450898902, -157918.28919593635, -157211.36051161523, -157916.480700045, -156816.1554743655]","[720, 720, 720, 720, 720, 720, 720, 720, 720, 720, 720, 720, 720, 720, 720, 720]",37643.39,32102.241,0.1,5113056.305,5537.403,92.462,3.133,12288,12288,196608,196608,4.539024390243903,42.3,0.0,0.0,"[-160280.26108831333, -157154.63509367846, -158745.64309334048, -156532.1390244883, -155535.38123424863, -156194.85931355637, -156415.0910506653, -156025.57816409157, -157375.01238850085, -158680.66344910784, -156608.42256644752, -158423.16450898902, -157918.28919593635, -157211.36051161523, -157916.480700045, -156816.1554743655]","[720, 720, 720, 720, 720, 720, 720, 720, 720, 720, 720, 720, 720, 720, 720, 720]",64.0,30080.5,639.5,0.0,0.5185878729447723,0.049999999999999996,2e-05,2.271278812177479,-0.00740331368506304,9.931499853730202,-5.308538675308228e-09,0.01283865798941406,2.0483476470224558,0.09999999999999999
-155535.38123424863,-160280.26108831333,-157364.57105358684,720.0,0,0,4,0,0,204800,204800,12800,12800,512,512,12800,512,204800,False,16,25,0eff4_00000,2023-05-29_12-31-36,1685359896,33.59338021278381,979.5821738243103,19016,JM-M16,127.0.0.1,979.5821738243103,25,12800,12800,204800,204800,-155535.38123424863,-160280.26108831333,-157364.57105358684,720.0,0,0,"[-160280.26108831333, -157154.63509367846, -158745.64309334048, -156532.1390244883, -155535.38123424863, -156194.85931355637, -156415.0910506653, -156025.57816409157, -157375.01238850085, -158680.66344910784, -156608.42256644752, -158423.16450898902, -157918.28919593635, -157211.36051161523, -157916.480700045, -156816.1554743655]","[720, 720, 720, 720, 720, 720, 720, 720, 720, 720, 720, 720, 720, 720, 720, 720]",33744.306,28923.376,0.1,5113056.305,4816.488,106.302,3.83,12800,12800,204800,204800,3.522222222222223,42.18666666666667,0.0,0.0,"[-160280.26108831333, -157154.63509367846, -158745.64309334048, -156532.1390244883, -155535.38123424863, -156194.85931355637, -156415.0910506653, -156025.57816409157, -157375.01238850085, -158680.66344910784, -156608.42256644752, -158423.16450898902, -157918.28919593635, -157211.36051161523, -157916.480700045, -156816.1554743655]","[720, 720, 720, 720, 720, 720, 720, 720, 720, 720, 720, 720, 720, 720, 720, 720]",64.0,31360.5,639.5,0.0,0.544094886444509,0.049999999999999996,2e-05,2.2869648059830068,-0.004186504571407568,9.980547687411308,-1.0896474123001098e-08,0.015065102845983346,2.047388645913452,0.09999999999999999
-155535.38123424863,-160280.26108831333,-157364.57105358684,720.0,0,0,4,0,0,212992,212992,13312,13312,512,512,13312,512,212992,False,16,26,0eff4_00000,2023-05-29_12-32-16,1685359936,40.29213070869446,1019.8743045330048,19016,JM-M16,127.0.0.1,1019.8743045330048,26,13312,13312,212992,212992,-155535.38123424863,-160280.26108831333,-157364.57105358684,720.0,0,0,"[-160280.26108831333, -157154.63509367846, -158745.64309334048, -156532.1390244883, -155535.38123424863, -156194.85931355637, -156415.0910506653, -156025.57816409157, -157375.01238850085, -158680.66344910784, -156608.42256644752, -158423.16450898902, -157918.28919593635, -157211.36051161523, -157916.480700045, -156816.1554743655]","[720, 720, 720, 720, 720, 720, 720, 720, 720, 720, 720, 720, 720, 720, 720, 720]",33648.422,28821.552,0.196,2612510.521,4822.534,106.168,3.828,13312,13312,212992,212992,3.2811320754716977,42.03207547169811,0.0,0.0,"[-160280.26108831333, -157154.63509367846, -158745.64309334048, -156532.1390244883, -155535.38123424863, -156194.85931355637, -156415.0910506653, -156025.57816409157, -157375.01238850085, -158680.66344910784, -156608.42256644752, -158423.16450898902, -157918.28919593635, -157211.36051161523, -157916.480700045, -156816.1554743655]","[720, 720, 720, 720, 720, 720, 720, 720, 720, 720, 720, 720, 720, 720, 720, 720]",64.0,32640.5,639.5,0.0,0.5907298173289746,0.049999999999999996,2e-05,2.284041695203632,-0.009670026271487586,9.985542538017034,-1.955777406692505e-09,0.017442601432776428,2.0354603606276216,0.09999999999999999
-155535.38123424863,-160280.26108831333,-157364.57105358684,720.0,0,0,4,0,0,221184,221184,13824,13824,512,512,13824,512,221184,False,16,27,0eff4_00000,2023-05-29_12-32-51,1685359971,34.36188292503357,1054.2361874580383,19016,JM-M16,127.0.0.1,1054.2361874580383,27,13824,13824,221184,221184,-155535.38123424863,-160280.26108831333,-157364.57105358684,720.0,0,0,"[-160280.26108831333, -157154.63509367846, -158745.64309334048, -156532.1390244883, -155535.38123424863, -156194.85931355637, -156415.0910506653, -156025.57816409157, -157375.01238850085, -158680.66344910784, -156608.42256644752, -158423.16450898902, -157918.28919593635, -157211.36051161523, -157916.480700045, -156816.1554743655]","[720, 720, 720, 720, 720, 720, 720, 720, 720, 720, 720, 720, 720, 720, 720, 720]",33998.704,29164.293,0.196,2612510.521,4830.122,106.001,3.781,13824,13824,221184,221184,3.9804347826086963,42.036956521739114,0.0,0.0,"[-160280.26108831333, -157154.63509367846, -158745.64309334048, -156532.1390244883, -155535.38123424863, -156194.85931355637, -156415.0910506653, -156025.57816409157, -157375.01238850085, -158680.66344910784, -156608.42256644752, -158423.16450898902, -157918.28919593635, -157211.36051161523, -157916.480700045, -156816.1554743655]","[720, 720, 720, 720, 720, 720, 720, 720, 720, 720, 720, 720, 720, 720, 720, 720]",64.0,33920.5,639.5,0.0,0.6121543871005997,0.049999999999999996,2e-05,2.2739016065374016,-0.008426260546548292,9.940379844605923,-1.057051122188568e-08,0.01454537824356521,2.034943672455847,0.09999999999999999
-155535.38123424863,-160280.26108831333,-157364.57105358684,720.0,0,0,4,0,0,229376,229376,14336,14336,512,512,14336,512,229376,False,16,28,0eff4_00000,2023-05-29_12-33-22,1685360002,31.282759189605713,1085.518946647644,19016,JM-M16,127.0.0.1,1085.518946647644,28,14336,14336,229376,229376,-155535.38123424863,-160280.26108831333,-157364.57105358684,720.0,0,0,"[-160280.26108831333, -157154.63509367846, -158745.64309334048, -156532.1390244883, -155535.38123424863, -156194.85931355637, -156415.0910506653, -156025.57816409157, -157375.01238850085, -158680.66344910784, -156608.42256644752, -158423.16450898902, -157918.28919593635, -157211.36051161523, -157916.480700045, -156816.1554743655]","[720, 720, 720, 720, 720, 720, 720, 720, 720, 720, 720, 720, 720, 720, 720, 720]",34102.943,29258.677,0.296,1726967.148,4839.869,105.788,3.785,14336,14336,229376,229376,2.311904761904762,42.01190476190476,0.0,0.0,"[-160280.26108831333, -157154.63509367846, -158745.64309334048, -156532.1390244883, -155535.38123424863, -156194.85931355637, -156415.0910506653, -156025.57816409157, -157375.01238850085, -158680.66344910784, -156608.42256644752, -158423.16450898902, -157918.28919593635, -157211.36051161523, -157916.480700045, -156816.1554743655]","[720, 720, 720, 720, 720, 720, 720, 720, 720, 720, 720, 720, 720, 720, 720, 720]",64.0,35200.5,639.5,0.0,0.5784229038632475,0.049999999999999996,2e-05,2.27060779966414,-0.004708888608729467,9.913186348974705,-2.2817403078079225e-09,0.014097345285699702,2.0368476431816815,0.09999999999999999
-155535.38123424863,-160522.95889324043,-157500.51864138813,720.0,4,0,4,0,0,237568,237568,14848,14848,512,512,14848,512,237568,False,20,29,0eff4_00000,2023-05-29_12-33-52,1685360032,30.585553884506226,1116.1045005321503,19016,JM-M16,127.0.0.1,1116.1045005321503,29,14848,14848,237568,237568,-155535.38123424863,-160522.95889324043,-157500.51864138813,720.0,4,0,"[-160280.26108831333, -157154.63509367846, -158745.64309334048, -156532.1390244883, -155535.38123424863, -156194.85931355637, -156415.0910506653, -156025.57816409157, -157375.01238850085, -158680.66344910784, -156608.42256644752, -158423.16450898902, -157918.28919593635, -157211.36051161523, -157916.480700045, -156816.1554743655, -156385.74005872483, -157915.55144845456, -157352.98556995366, -160522.95889324043]","[720, 720, 720, 720, 720, 720, 720, 720, 720, 720, 720, 720, 720, 720, 720, 720, 720, 720, 720, 720]",33959.05,29116.23,0.294,1742097.548,4837.969,105.83,4.141,14848,14848,237568,237568,2.241463414634146,41.982926829268294,0.0,0.0,"[-160280.26108831333, -157154.63509367846, -158745.64309334048, -156532.1390244883, -155535.38123424863, -156194.85931355637, -156415.0910506653, -156025.57816409157, -157375.01238850085, -158680.66344910784, -156608.42256644752, -158423.16450898902, -157918.28919593635, -157211.36051161523, -157916.480700045, -156816.1554743655, -156385.74005872483, -157915.55144845456, -157352.98556995366, -160522.95889324043]","[720, 720, 720, 720, 720, 720, 720, 720, 720, 720, 720, 720, 720, 720, 720, 720, 720, 720, 720, 720]",64.0,36480.5,639.5,0.0,0.6221995968138799,0.049999999999999996,2e-05,2.239932388300076,-0.007714017549005803,9.800778770446778,-0.0022408331278711557,0.017188658209488495,2.0340772062540053,0.09999999999999999
-155535.38123424863,-160522.95889324043,-157500.51864138813,720.0,0,0,4,0,0,245760,245760,15360,15360,512,512,15360,512,245760,False,20,30,0eff4_00000,2023-05-29_12-34-25,1685360065,32.00526833534241,1148.1097688674927,19016,JM-M16,127.0.0.1,1148.1097688674927,30,15360,15360,245760,245760,-155535.38123424863,-160522.95889324043,-157500.51864138813,720.0,0,0,"[-160280.26108831333, -157154.63509367846, -158745.64309334048, -156532.1390244883, -155535.38123424863, -156194.85931355637, -156415.0910506653, -156025.57816409157, -157375.01238850085, -158680.66344910784, -156608.42256644752, -158423.16450898902, -157918.28919593635, -157211.36051161523, -157916.480700045, -156816.1554743655, -156385.74005872483, -157915.55144845456, -157352.98556995366, -160522.95889324043]","[720, 720, 720, 720, 720, 720, 720, 720, 720, 720, 720, 720, 720, 720, 720, 720, 720, 720, 720, 720]",33336.197,28489.041,0.294,1742097.548,4842.336,105.734,4.11,15360,15360,245760,245760,1.6595238095238096,41.945238095238096,0.0,0.0,"[-160280.26108831333, -157154.63509367846, -158745.64309334048, -156532.1390244883, -155535.38123424863, -156194.85931355637, -156415.0910506653, -156025.57816409157, -157375.01238850085, -158680.66344910784, -156608.42256644752, -158423.16450898902, -157918.28919593635, -157211.36051161523, -157916.480700045, -156816.1554743655, -156385.74005872483, -157915.55144845456, -157352.98556995366, -160522.95889324043]","[720, 720, 720, 720, 720, 720, 720, 720, 720, 720, 720, 720, 720, 720, 720, 720, 720, 720, 720, 720]",64.0,37760.5,639.5,0.0,0.5743577095970978,0.049999999999999996,2e-05,2.2796829568222163,-0.0031518884366960264,9.943077709525824,-3.3527612686157227e-09,0.019235937510529766,2.0389637794345616,0.09999999999999999
-155535.38123424863,-160522.95889324043,-157500.51864138813,720.0,0,0,4,0,0,253952,253952,15872,15872,512,512,15872,512,253952,False,20,31,0eff4_00000,2023-05-29_12-35-01,1685360101,36.10844421386719,1184.2182130813599,19016,JM-M16,127.0.0.1,1184.2182130813599,31,15872,15872,253952,253952,-155535.38123424863,-160522.95889324043,-157500.51864138813,720.0,0,0,"[-160280.26108831333, -157154.63509367846, -158745.64309334048, -156532.1390244883, -155535.38123424863, -156194.85931355637, -156415.0910506653, -156025.57816409157, -157375.01238850085, -158680.66344910784, -156608.42256644752, -158423.16450898902, -157918.28919593635, -157211.36051161523, -157916.480700045, -156816.1554743655, -156385.74005872483, -157915.55144845456, -157352.98556995366, -160522.95889324043]","[720, 720, 720, 720, 720, 720, 720, 720, 720, 720, 720, 720, 720, 720, 720, 720, 720, 720, 720, 720]",33283.024,28423.601,0.294,1742097.548,4854.59,105.467,4.225,15872,15872,253952,253952,1.9916666666666665,42.0,0.0,0.0,"[-160280.26108831333, -157154.63509367846, -158745.64309334048, -156532.1390244883, -155535.38123424863, -156194.85931355637, -156415.0910506653, -156025.57816409157, -157375.01238850085, -158680.66344910784, -156608.42256644752, -158423.16450898902, -157918.28919593635, -157211.36051161523, -157916.480700045, -156816.1554743655, -156385.74005872483, -157915.55144845456, -157352.98556995366, -160522.95889324043]","[720, 720, 720, 720, 720, 720, 720, 720, 720, 720, 720, 720, 720, 720, 720, 720, 720, 720, 720, 720]",64.0,39040.5,639.5,0.0,0.5736337517155334,0.049999999999999996,2e-05,2.2841019720770417,-0.009128431559656747,9.984274140745402,-5.727633833885193e-09,0.016963317916088273,2.036862884089351,0.09999999999999999
-155535.38123424863,-160522.95889324043,-157500.51864138813,720.0,0,0,4,0,0,262144,262144,16384,16384,512,512,16384,512,262144,False,20,32,0eff4_00000,2023-05-29_12-35-40,1685360140,39.0746910572052,1223.292904138565,19016,JM-M16,127.0.0.1,1223.292904138565,32,16384,16384,262144,262144,-155535.38123424863,-160522.95889324043,-157500.51864138813,720.0,0,0,"[-160280.26108831333, -157154.63509367846, -158745.64309334048, -156532.1390244883, -155535.38123424863, -156194.85931355637, -156415.0910506653, -156025.57816409157, -157375.01238850085, -158680.66344910784, -156608.42256644752, -158423.16450898902, -157918.28919593635, -157211.36051161523, -157916.480700045, -156816.1554743655, -156385.74005872483, -157915.55144845456, -157352.98556995366, -160522.95889324043]","[720, 720, 720, 720, 720, 720, 720, 720, 720, 720, 720, 720, 720, 720, 720, 720, 720, 720, 720, 720]",34002.528,29161.508,0.294,1742097.548,4836.158,105.869,4.265,16384,16384,262144,262144,4.179245283018869,41.971698113207545,0.0,0.0,"[-160280.26108831333, -157154.63509367846, -158745.64309334048, -156532.1390244883, -155535.38123424863, -156194.85931355637, -156415.0910506653, -156025.57816409157, -157375.01238850085, -158680.66344910784, -156608.42256644752, -158423.16450898902, -157918.28919593635, -157211.36051161523, -157916.480700045, -156816.1554743655, -156385.74005872483, -157915.55144845456, -157352.98556995366, -160522.95889324043]","[720, 720, 720, 720, 720, 720, 720, 720, 720, 720, 720, 720, 720, 720, 720, 720, 720, 720, 720, 720]",64.0,40320.5,639.5,0.0,0.5767072908289265,0.049999999999999996,2e-05,2.279358038213104,-0.007320848971357918,9.960033789277077,-2.3283064365386963e-09,0.01656254489425919,2.0415768712759017,0.09999999999999999
-155535.38123424863,-160522.95889324043,-157500.51864138813,720.0,0,0,4,0,0,270336,270336,16896,16896,512,512,16896,512,270336,False,20,33,0eff4_00000,2023-05-29_12-36-13,1685360173,32.859086751937866,1256.151990890503,19016,JM-M16,127.0.0.1,1256.151990890503,33,16896,16896,270336,270336,-155535.38123424863,-160522.95889324043,-157500.51864138813,720.0,0,0,"[-160280.26108831333, -157154.63509367846, -158745.64309334048, -156532.1390244883, -155535.38123424863, -156194.85931355637, -156415.0910506653, -156025.57816409157, -157375.01238850085, -158680.66344910784, -156608.42256644752, -158423.16450898902, -157918.28919593635, -157211.36051161523, -157916.480700045, -156816.1554743655, -156385.74005872483, -157915.55144845456, -157352.98556995366, -160522.95889324043]","[720, 720, 720, 720, 720, 720, 720, 720, 720, 720, 720, 720, 720, 720, 720, 720, 720, 720, 720, 720]",34100.523,29237.499,0.294,1742097.548,4858.153,105.39,4.274,16896,16896,270336,270336,3.7209302325581404,41.94418604651163,0.0,0.0,"[-160280.26108831333, -157154.63509367846, -158745.64309334048, -156532.1390244883, -155535.38123424863, -156194.85931355637, -156415.0910506653, -156025.57816409157, -157375.01238850085, -158680.66344910784, -156608.42256644752, -158423.16450898902, -157918.28919593635, -157211.36051161523, -157916.480700045, -156816.1554743655, -156385.74005872483, -157915.55144845456, -157352.98556995366, -160522.95889324043]","[720, 720, 720, 720, 720, 720, 720, 720, 720, 720, 720, 720, 720, 720, 720, 720, 720, 720, 720, 720]",64.0,41600.5,639.5,0.0,0.5825564876256977,0.049999999999999996,2e-05,2.270470319595188,-0.008846392890700373,9.927589210122823,-7.450580596923828e-09,0.016158594060470932,2.0338852025568483,0.09999999999999999
-155535.38123424863,-160522.95889324043,-157617.14515322278,720.0,4,0,4,0,0,278528,278528,17408,17408,512,512,17408,512,278528,False,24,34,0eff4_00000,2023-05-29_12-36-43,1685360203,30.812872886657715,1286.9648637771606,19016,JM-M16,127.0.0.1,1286.9648637771606,34,17408,17408,278528,278528,-155535.38123424863,-160522.95889324043,-157617.14515322278,720.0,4,0,"[-160280.26108831333, -157154.63509367846, -158745.64309334048, -156532.1390244883, -155535.38123424863, -156194.85931355637, -156415.0910506653, -156025.57816409157, -157375.01238850085, -158680.66344910784, -156608.42256644752, -158423.16450898902, -157918.28919593635, -157211.36051161523, -157916.480700045, -156816.1554743655, -156385.74005872483, -157915.55144845456, -157352.98556995366, -160522.95889324043, -158144.57816175267, -158844.97036079224, -157027.14811957203, -158784.41420746644]","[720, 720, 720, 720, 720, 720, 720, 720, 720, 720, 720, 720, 720, 720, 720, 720, 720, 720, 720, 720, 720, 720, 720, 720]",34093.699,29233.223,0.393,1304034.277,4855.539,105.447,4.242,17408,17408,278528,278528,4.173170731707317,41.97560975609757,0.0,0.0,"[-160280.26108831333, -157154.63509367846, -158745.64309334048, -156532.1390244883, -155535.38123424863, -156194.85931355637, -156415.0910506653, -156025.57816409157, -157375.01238850085, -158680.66344910784, -156608.42256644752, -158423.16450898902, -157918.28919593635, -157211.36051161523, -157916.480700045, -156816.1554743655, -156385.74005872483, -157915.55144845456, -157352.98556995366, -160522.95889324043, -158144.57816175267, -158844.97036079224, -157027.14811957203, -158784.41420746644]","[720, 720, 720, 720, 720, 720, 720, 720, 720, 720, 720, 720, 720, 720, 720, 720, 720, 720, 720, 720, 720, 720, 720, 720]",64.0,42880.5,639.5,0.0,0.6709336036001332,0.049999999999999996,2e-05,2.2227513785939665,-0.005699864298730972,9.723806089162826,0.0009970662649720907,0.015772277845826466,2.032888918556273,0.09999999999999999
-155535.38123424863,-160522.95889324043,-157617.14515322278,720.0,0,0,4,0,0,286720,286720,17920,17920,512,512,17920,512,286720,False,24,35,0eff4_00000,2023-05-29_12-37-14,1685360234,30.34398317337036,1317.308846950531,19016,JM-M16,127.0.0.1,1317.308846950531,35,17920,17920,286720,286720,-155535.38123424863,-160522.95889324043,-157617.14515322278,720.0,0,0,"[-160280.26108831333, -157154.63509367846, -158745.64309334048, -156532.1390244883, -155535.38123424863, -156194.85931355637, -156415.0910506653, -156025.57816409157, -157375.01238850085, -158680.66344910784, -156608.42256644752, -158423.16450898902, -157918.28919593635, -157211.36051161523, -157916.480700045, -156816.1554743655, -156385.74005872483, -157915.55144845456, -157352.98556995366, -160522.95889324043, -158144.57816175267, -158844.97036079224, -157027.14811957203, -158784.41420746644]","[720, 720, 720, 720, 720, 720, 720, 720, 720, 720, 720, 720, 720, 720, 720, 720, 720, 720, 720, 720, 720, 720, 720, 720]",33768.66,28898.776,0.393,1304034.277,4865.306,105.235,3.883,17920,17920,286720,286720,4.7073170731707314,41.926829268292686,0.0,0.0,"[-160280.26108831333, -157154.63509367846, -158745.64309334048, -156532.1390244883, -155535.38123424863, -156194.85931355637, -156415.0910506653, -156025.57816409157, -157375.01238850085, -158680.66344910784, -156608.42256644752, -158423.16450898902, -157918.28919593635, -157211.36051161523, -157916.480700045, -156816.1554743655, -156385.74005872483, -157915.55144845456, -157352.98556995366, -160522.95889324043, -158144.57816175267, -158844.97036079224, -157027.14811957203, -158784.41420746644]","[720, 720, 720, 720, 720, 720, 720, 720, 720, 720, 720, 720, 720, 720, 720, 720, 720, 720, 720, 720, 720, 720, 720, 720]",64.0,44160.5,639.5,0.0,0.592769283533562,0.049999999999999996,2e-05,2.2662349357269704,-0.004196130440686829,9.892362524569034,-8.800998330116271e-09,0.014836763511266327,2.034014037437737,0.09999999999999999
-155535.38123424863,-160522.95889324043,-157617.14515322278,720.0,0,0,4,0,0,294912,294912,18432,18432,512,512,18432,512,294912,False,24,36,0eff4_00000,2023-05-29_12-37-46,1685360266,32.50886797904968,1349.8177149295807,19016,JM-M16,127.0.0.1,1349.8177149295807,36,18432,18432,294912,294912,-155535.38123424863,-160522.95889324043,-157617.14515322278,720.0,0,0,"[-160280.26108831333, -157154.63509367846, -158745.64309334048, -156532.1390244883, -155535.38123424863, -156194.85931355637, -156415.0910506653, -156025.57816409157, -157375.01238850085, -158680.66344910784, -156608.42256644752, -158423.16450898902, -157918.28919593635, -157211.36051161523, -157916.480700045, -156816.1554743655, -156385.74005872483, -157915.55144845456, -157352.98556995366, -160522.95889324043, -158144.57816175267, -158844.97036079224, -157027.14811957203, -158784.41420746644]","[720, 720, 720, 720, 720, 720, 720, 720, 720, 720, 720, 720, 720, 720, 720, 720, 720, 720, 720, 720, 720, 720, 720, 720]",32990.046,28122.654,0.297,1725163.599,4862.294,105.3,4.498,18432,18432,294912,294912,3.1627906976744184,41.90697674418606,0.0,0.0,"[-160280.26108831333, -157154.63509367846, -158745.64309334048, -156532.1390244883, -155535.38123424863, -156194.85931355637, -156415.0910506653, -156025.57816409157, -157375.01238850085, -158680.66344910784, -156608.42256644752, -158423.16450898902, -157918.28919593635, -157211.36051161523, -157916.480700045, -156816.1554743655, -156385.74005872483, -157915.55144845456, -157352.98556995366, -160522.95889324043, -158144.57816175267, -158844.97036079224, -157027.14811957203, -158784.41420746644]","[720, 720, 720, 720, 720, 720, 720, 720, 720, 720, 720, 720, 720, 720, 720, 720, 720, 720, 720, 720, 720, 720, 720, 720]",64.0,45440.5,639.5,0.0,0.5589336674660444,0.049999999999999996,2e-05,2.2805018415674567,-0.00476557731963112,9.954124028235674,-8.800998330116271e-09,0.014777659489118378,2.040024618245661,0.09999999999999999
-155535.38123424863,-160522.95889324043,-157617.14515322278,720.0,0,0,4,0,0,303104,303104,18944,18944,512,512,18944,512,303104,False,24,37,0eff4_00000,2023-05-29_12-38-26,1685360306,39.26746702194214,1389.0851819515228,19016,JM-M16,127.0.0.1,1389.0851819515228,37,18944,18944,303104,303104,-155535.38123424863,-160522.95889324043,-157617.14515322278,720.0,0,0,"[-160280.26108831333, -157154.63509367846, -158745.64309334048, -156532.1390244883, -155535.38123424863, -156194.85931355637, -156415.0910506653, -156025.57816409157, -157375.01238850085, -158680.66344910784, -156608.42256644752, -158423.16450898902, -157918.28919593635, -157211.36051161523, -157916.480700045, -156816.1554743655, -156385.74005872483, -157915.55144845456, -157352.98556995366, -160522.95889324043, -158144.57816175267, -158844.97036079224, -157027.14811957203, -158784.41420746644]","[720, 720, 720, 720, 720, 720, 720, 720, 720, 720, 720, 720, 720, 720, 720, 720, 720, 720, 720, 720, 720, 720, 720, 720]",33480.605,28629.817,0.297,1725163.599,4845.644,105.662,4.445,18944,18944,303104,303104,3.925,41.95384615384615,0.0,0.0,"[-160280.26108831333, -157154.63509367846, -158745.64309334048, -156532.1390244883, -155535.38123424863, -156194.85931355637, -156415.0910506653, -156025.57816409157, -157375.01238850085, -158680.66344910784, -156608.42256644752, -158423.16450898902, -157918.28919593635, -157211.36051161523, -157916.480700045, -156816.1554743655, -156385.74005872483, -157915.55144845456, -157352.98556995366, -160522.95889324043, -158144.57816175267, -158844.97036079224, -157027.14811957203, -158784.41420746644]","[720, 720, 720, 720, 720, 720, 720, 720, 720, 720, 720, 720, 720, 720, 720, 720, 720, 720, 720, 720, 720, 720, 720, 720]",64.0,46720.5,639.5,0.0,0.5678545921808109,0.049999999999999996,2e-05,2.2834843890741467,-0.00950911012623692,9.983927136659622,-4.889443516731262e-09,0.01530242390508647,2.0375341076403855,0.09999999999999999
-155535.38123424863,-160522.95889324043,-157617.14515322278,720.0,0,0,4,0,0,311296,311296,19456,19456,512,512,19456,512,311296,False,24,38,0eff4_00000,2023-05-29_12-39-02,1685360342,36.3607919216156,1425.4459738731384,19016,JM-M16,127.0.0.1,1425.4459738731384,38,19456,19456,311296,311296,-155535.38123424863,-160522.95889324043,-157617.14515322278,720.0,0,0,"[-160280.26108831333, -157154.63509367846, -158745.64309334048, -156532.1390244883, -155535.38123424863, -156194.85931355637, -156415.0910506653, -156025.57816409157, -157375.01238850085, -158680.66344910784, -156608.42256644752, -158423.16450898902, -157918.28919593635, -157211.36051161523, -157916.480700045, -156816.1554743655, -156385.74005872483, -157915.55144845456, -157352.98556995366, -160522.95889324043, -158144.57816175267, -158844.97036079224, -157027.14811957203, -158784.41420746644]","[720, 720, 720, 720, 720, 720, 720, 720, 720, 720, 720, 720, 720, 720, 720, 720, 720, 720, 720, 720, 720, 720, 720, 720]",33988.688,29145.133,0.196,2608385.337,4838.511,105.818,4.443,19456,19456,311296,311296,1.4428571428571428,41.92448979591837,0.0,0.0,"[-160280.26108831333, -157154.63509367846, -158745.64309334048, -156532.1390244883, -155535.38123424863, -156194.85931355637, -156415.0910506653, -156025.57816409157, -157375.01238850085, -158680.66344910784, -156608.42256644752, -158423.16450898902, -157918.28919593635, -157211.36051161523, -157916.480700045, -156816.1554743655, -156385.74005872483, -157915.55144845456, -157352.98556995366, -160522.95889324043, -158144.57816175267, -158844.97036079224, -157027.14811957203, -158784.41420746644]","[720, 720, 720, 720, 720, 720, 720, 720, 720, 720, 720, 720, 720, 720, 720, 720, 720, 720, 720, 720, 720, 720, 720, 720]",64.0,48000.5,639.5,0.0,0.5835676698246971,0.049999999999999996,2e-05,2.2772271213121713,-0.008598109470040072,9.952857004106045,-5.541369318962097e-09,0.01641809095890494,2.032099259737879,0.09999999999999999
-155535.38123424863,-160522.95889324043,-157617.14515322278,720.0,0,0,4,0,0,319488,319488,19968,19968,512,512,19968,512,319488,False,24,39,0eff4_00000,2023-05-29_12-39-33,1685360373,31.407224416732788,1456.8531982898712,19016,JM-M16,127.0.0.1,1456.8531982898712,39,19968,19968,319488,319488,-155535.38123424863,-160522.95889324043,-157617.14515322278,720.0,0,0,"[-160280.26108831333, -157154.63509367846, -158745.64309334048, -156532.1390244883, -155535.38123424863, -156194.85931355637, -156415.0910506653, -156025.57816409157, -157375.01238850085, -158680.66344910784, -156608.42256644752, -158423.16450898902, -157918.28919593635, -157211.36051161523, -157916.480700045, -156816.1554743655, -156385.74005872483, -157915.55144845456, -157352.98556995366, -160522.95889324043, -158144.57816175267, -158844.97036079224, -157027.14811957203, -158784.41420746644]","[720, 720, 720, 720, 720, 720, 720, 720, 720, 720, 720, 720, 720, 720, 720, 720, 720, 720, 720, 720, 720, 720, 720, 720]",34070.955,29219.97,0.099,5185905.936,4845.239,105.671,5.243,19968,19968,319488,319488,4.107142857142858,41.00000000000001,0.0,0.0,"[-160280.26108831333, -157154.63509367846, -158745.64309334048, -156532.1390244883, -155535.38123424863, -156194.85931355637, -156415.0910506653, -156025.57816409157, -157375.01238850085, -158680.66344910784, -156608.42256644752, -158423.16450898902, -157918.28919593635, -157211.36051161523, -157916.480700045, -156816.1554743655, -156385.74005872483, -157915.55144845456, -157352.98556995366, -160522.95889324043, -158144.57816175267, -158844.97036079224, -157027.14811957203, -158784.41420746644]","[720, 720, 720, 720, 720, 720, 720, 720, 720, 720, 720, 720, 720, 720, 720, 720, 720, 720, 720, 720, 720, 720, 720, 720]",64.0,49280.5,639.5,0.0,0.6008521921467036,0.049999999999999996,2e-05,2.2695645271800458,-0.0034555760445073246,9.903006205707788,-1.0244548320770264e-08,0.016349856837041443,2.0354894544929265,0.09999999999999999
-155535.38123424863,-160522.95889324043,-157777.99955753246,720.0,4,0,4,0,0,327680,327680,20480,20480,512,512,20480,512,327680,True,28,40,0eff4_00000,2023-05-29_12-40-04,1685360404,30.686310052871704,1487.539508342743,19016,JM-M16,127.0.0.1,1487.539508342743,40,20480,20480,327680,327680,-155535.38123424863,-160522.95889324043,-157777.99955753246,720.0,4,0,"[-160280.26108831333, -157154.63509367846, -158745.64309334048, -156532.1390244883, -155535.38123424863, -156194.85931355637, -156415.0910506653, -156025.57816409157, -157375.01238850085, -158680.66344910784, -156608.42256644752, -158423.16450898902, -157918.28919593635, -157211.36051161523, -157916.480700045, -156816.1554743655, -156385.74005872483, -157915.55144845456, -157352.98556995366, -160522.95889324043, -158144.57816175267, -158844.97036079224, -157027.14811957203, -158784.41420746644, -158469.43730976066, -158217.68593029008, -159393.00768853506, -158892.37300497692]","[720, 720, 720, 720, 720, 720, 720, 720, 720, 720, 720, 720, 720, 720, 720, 720, 720, 720, 720, 720, 720, 720, 720, 720, 720, 720, 720, 720]",33939.06,29108.284,0.099,5185905.936,4824.834,106.118,5.339,20480,20480,327680,327680,3.9425,40.9,0.0,0.0,"[-160280.26108831333, -157154.63509367846, -158745.64309334048, -156532.1390244883, -155535.38123424863, -156194.85931355637, -156415.0910506653, -156025.57816409157, -157375.01238850085, -158680.66344910784, -156608.42256644752, -158423.16450898902, -157918.28919593635, -157211.36051161523, -157916.480700045, -156816.1554743655, -156385.74005872483, -157915.55144845456, -157352.98556995366, -160522.95889324043, -158144.57816175267, -158844.97036079224, -157027.14811957203, -158784.41420746644, -158469.43730976066, -158217.68593029008, -159393.00768853506, -158892.37300497692]","[720, 720, 720, 720, 720, 720, 720, 720, 720, 720, 720, 720, 720, 720, 720, 720, 720, 720, 720, 720, 720, 720, 720, 720, 720, 720, 720, 720]",64.0,50560.5,639.5,0.0,0.6163401541416533,0.049999999999999996,2e-05,2.217788559105247,-0.007346742392110172,9.715295534580946,-0.00021581239998340606,0.01683097273853491,2.04530130866915,0.09999999999999999
